{"cameraMode":{"drawMode":0,"name":"Shaded","section":"Shading Mode"},"sceneLighting":true,"audioPlay":false,"sceneViewState":{"showFog":true,"showMaterialUpdate":false,"showSkybox":true,"showFlares":true,"showImageEffects":true,"showParticleSystems":true},"in2DMode":false,"pivot":{"x":-74.9000015258789,"y":27.739999771118165,"z":11.279999732971192},"rotation":{"x":0.10649697482585907,"y":-0.8703094720840454,"z":0.21652968227863313,"w":0.43003255128860476},"size":20.141878128051759,"orthographic":true}